Date,Price,Open,High,Low,Vol.,Change %
12/25/2017,74200,73100,75400,73000,207.37K,0.41%
12/26/2017,75500,74900,75500,74300,403.71K,1.75%
12/27/2017,75000,74900,75700,74800,517.92K,-0.66%
12/28/2017,75700,75000,76000,74500,377.03K,0.93%
12/29/2017,76700,74800,77000,74800,609.68K,1.32%
1/2/2018,80000,77000,80000,76700,533.95K,4.30%
1/3/2018,82500,80000,84300,80000,699.51K,3.13%
1/4/2018,82500,81900,83400,81500,749.91K,0.00%
1/5/2018,84700,82500,85000,81800,553.92K,2.67%
1/8/2018,88800,84900,88800,83600,567.08K,4.84%
1/9/2018,90000,88800,90600,88200,517.48K,1.35%
1/10/2018,87000,90000,90000,86800,691.14K,-3.33%
1/11/2018,90000,85700,90000,85700,650.60K,3.45%
1/12/2018,93000,90400,93500,90000,513.87K,3.33%
1/15/2018,92800,93300,93700,90100,880.86K,-0.22%
1/16/2018,92400,91500,92800,90400,658.03K,-0.43%
1/17/2018,90200,92500,92600,90200,334.15K,-2.38%
1/18/2018,92000,90000,92000,87500,494.03K,2.00%
1/19/2018,87500,92000,92200,87500,1.28M,-4.89%
1/22/2018,92500,89000,93500,89000,578.81K,5.71%
1/25/2018,97200,93000,97500,93000,1.03M,5.08%
1/26/2018,97500,97300,98200,95100,629.31K,0.31%
1/29/2018,94500,97500,98000,94200,363.31K,-3.08%
1/30/2018,90800,94500,94800,90000,650.63K,-3.92%
1/31/2018,92100,90800,95000,90600,1.08M,1.43%
2/1/2018,92100,94000,94000,90500,724.81K,0.00%
2/2/2018,91000,92000,92500,86700,669.23K,-1.19%
2/5/2018,84700,85500,87000,84700,661.07K,-6.92%
2/6/2018,86000,78800,86000,78800,1.87M,1.53%
2/7/2018,83000,86000,86500,83000,566.45K,-3.49%
2/8/2018,85000,83900,86400,82500,471.67K,2.41%
2/9/2018,82200,81000,83000,79500,948.34K,-3.29%
2/12/2018,85000,84000,85000,81100,997.38K,3.41%
2/13/2018,85600,85000,87000,85000,485.92K,0.71%
2/21/2018,89500,85600,90000,85600,326.21K,4.56%
2/22/2018,88000,88000,90000,88000,402.29K,-1.68%
2/23/2018,89800,89000,90700,88100,653.11K,2.05%
2/26/2018,89900,91000,93000,89900,592.57K,0.11%
2/27/2018,91400,91500,92000,90400,567.63K,1.67%
2/28/2018,89200,91000,92500,89200,1.15M,-2.41%
3/1/2018,91000,90000,91500,89300,686.47K,2.02%
3/2/2018,91500,91000,93200,89500,265.49K,0.55%
3/5/2018,91000,93000,93000,91000,704.60K,-0.55%
3/6/2018,90500,91000,91600,90500,846.74K,-0.55%
3/7/2018,91400,90600,91700,90400,1.14M,0.99%
3/8/2018,94000,91400,95000,91200,829.83K,2.84%
3/9/2018,94100,95000,96000,93900,398.40K,0.11%
3/12/2018,95200,95000,95700,94200,191.14K,1.17%
3/13/2018,95000,95200,95200,93500,263.07K,-0.21%
3/14/2018,94000,94200,95400,94000,315.59K,-1.05%
3/15/2018,93000,95000,95000,93000,456.96K,-1.06%
3/16/2018,92000,94200,94200,92000,3.69M,-1.08%
3/19/2018,94300,92000,94300,92000,368.79K,2.50%
3/20/2018,100500,94700,100500,94300,981.90K,6.57%
3/21/2018,102400,100500,103400,99600,901.32K,1.89%
3/22/2018,103600,102500,104500,102500,772.70K,1.17%
3/23/2018,102000,99500,103000,99500,946.78K,-1.54%
3/26/2018,109100,102000,109100,100900,1.33M,6.96%
3/27/2018,109000,111000,114000,109000,969.01K,-0.09%
3/28/2018,110400,109000,110400,107000,450.68K,1.28%
3/29/2018,109500,111500,112000,108000,515.40K,-0.82%
3/30/2018,113500,109000,115000,106800,625.16K,3.65%
4/2/2018,114600,113000,118000,113000,1.03M,0.97%
4/3/2018,113000,115000,115000,111800,930.34K,-1.40%
4/4/2018,110000,113000,114900,110000,1.27M,-2.65%
4/5/2018,109500,112000,112800,109000,616.48K,-0.45%
4/6/2018,106800,109500,112000,105000,880.10K,-2.47%
4/9/2018,107000,105000,109800,102000,1.64M,0.19%
4/10/2018,105000,109000,109000,104100,813.04K,-1.87%
4/11/2018,98000,105000,106500,98000,1.69M,-6.67%
4/12/2018,102000,98000,102800,97000,755.63K,4.08%
4/13/2018,102500,102000,103300,100000,706.61K,0.49%
4/16/2018,104300,104000,106800,103500,859.88K,1.76%
4/17/2018,104000,106000,106000,103500,657.51K,-0.29%
4/18/2018,100000,104000,105000,99100,1.09M,-3.85%
4/19/2018,93000,100000,100000,93000,2.13M,-7.00%
4/20/2018,96200,90500,96200,86800,2.40M,3.44%
4/23/2018,95000,96200,98000,94000,1.49M,-1.25%
4/24/2018,95800,95000,96000,89000,1.41M,0.84%
4/26/2018,89200,95000,95000,89100,1.45M,-6.89%
4/27/2018,91800,87300,93000,87000,747.00K,2.91%
5/2/2018,93400,92500,93700,91800,896.40K,1.74%
5/3/2018,92000,93400,93500,91500,1.15M,-1.50%
5/4/2018,91500,92000,93900,90600,390.81K,-0.54%
5/7/2018,96500,91500,97000,91000,687.86K,5.46%
5/8/2018,97000,96500,98500,93100,877.86K,0.52%
5/9/2018,95000,97000,98000,94500,931.95K,-2.06%
5/10/2018,94000,95000,96500,92000,623.53K,-1.05%
5/11/2018,93900,94000,94800,92500,318.61K,-0.11%
5/14/2018,98000,94500,98500,93500,722.62K,4.37%
5/15/2018,96200,99000,99400,96000,738.89K,-1.84%
5/16/2018,92900,96200,96200,92600,461.65K,-3.43%
5/17/2018,87000,92700,93900,87000,1.14M,-6.35%
5/18/2018,92500,88000,92500,87500,885.64K,6.32%
5/21/2018,89000,92500,93500,89000,495.85K,-3.78%
5/22/2018,85000,88000,89900,82800,1.13M,-4.49%
5/23/2018,85000,83200,85200,83000,1.42M,0.00%
5/24/2018,84500,85000,85300,83000,1.05M,-0.59%
5/25/2018,83500,84000,84500,82500,776.71K,-1.18%
5/28/2018,80000,81500,82500,77700,1.57M,-4.19%
5/29/2018,80000,78000,82500,75500,1.17M,0.00%
5/30/2018,80000,80000,81500,77200,1.34M,0.00%
5/31/2018,81000,79000,84500,79000,1.46M,1.25%
6/1/2018,83900,82000,83900,81000,1.03M,3.58%
6/4/2018,84200,84900,84900,83600,1.03M,0.36%
6/5/2018,85400,84200,86800,84100,2.04M,1.43%
6/6/2018,85500,85400,85500,84500,1.17M,0.12%
6/7/2018,87300,86400,89400,86000,1.15M,2.11%
6/8/2018,86000,87300,87800,85600,672.84K,-1.49%
6/11/2018,85000,86000,86700,85000,881.24K,-1.16%
6/12/2018,82400,84000,84000,79500,1.39M,-3.06%
6/13/2018,83500,83000,83600,82400,665.42K,1.33%
6/14/2018,84500,84500,85300,83100,754.20K,1.20%
6/15/2018,85000,83900,85000,83100,1.13M,0.59%
6/18/2018,84000,84000,85000,81500,825.84K,-1.18%
6/19/2018,80000,82000,82000,79000,1.50M,-4.76%
6/20/2018,81000,80000,81900,78000,986.43K,1.25%
6/21/2018,81000,81000,81400,79700,609.31K,0.00%
6/22/2018,81000,81000,81000,79100,606.92K,0.00%
6/25/2018,83000,83500,83500,81500,458.16K,2.47%
6/26/2018,82500,82500,82500,80900,258.54K,-0.60%
6/27/2018,81000,82500,83000,80000,418.19K,-1.82%
6/28/2018,79000,80000,80900,77000,810.88K,-2.47%
6/29/2018,79000,77200,79500,77200,683.73K,0.00%
7/2/2018,76000,77400,78900,73500,1.50M,-3.80%
7/3/2018,74000,76000,76500,72100,1.22M,-2.63%
7/4/2018,74100,73000,74600,71000,967.41K,0.14%
7/5/2018,73900,73200,74100,71800,1.27M,-0.27%
7/6/2018,74000,71800,74100,71100,1.49M,0.14%
7/9/2018,74200,74000,76000,73100,414.98K,0.27%
7/10/2018,74200,74000,74900,73900,495.93K,0.00%
7/11/2018,74000,74000,74200,72600,962.21K,-0.27%
7/12/2018,74000,72700,74000,72600,521.53K,0.00%
7/13/2018,74900,74000,75400,73500,453.21K,1.22%
7/16/2018,74200,74500,75200,73900,1.01M,-0.93%
7/17/2018,74500,73300,74500,73300,549.36K,0.40%
7/18/2018,76000,74500,77000,74200,1.23M,2.01%
7/19/2018,79100,77000,80500,76800,761.01K,4.08%
7/20/2018,79100,79600,80000,78100,766.99K,0.00%
7/23/2018,79100,79000,81200,78600,1.16M,0.00%
7/24/2018,80500,79100,81200,78200,1.01M,1.77%
7/25/2018,81000,80500,84000,79900,935.28K,0.62%
7/26/2018,81000,81900,82100,80000,433.81K,0.00%
7/27/2018,81300,80800,81500,79900,525.86K,0.37%
7/30/2018,81400,81800,81800,80000,515.97K,0.12%
7/31/2018,84200,81000,84600,81000,910.85K,3.44%
8/1/2018,84200,84500,84500,82700,299.79K,0.00%
8/2/2018,84200,84200,84800,83400,491.44K,0.00%
8/3/2018,85000,85100,85200,84200,478.55K,0.95%
8/6/2018,87400,85000,88400,84500,636.03K,2.82%
8/7/2018,90000,87400,90600,87000,675.44K,2.97%
8/8/2018,90000,90000,90000,88500,405.53K,0.00%
8/9/2018,89900,90000,90900,88900,333.29K,-0.11%
8/10/2018,89000,88700,89500,87800,886.18K,-1.00%
8/13/2018,90900,88300,91800,87900,744.80K,2.13%
8/14/2018,93500,90900,93500,89900,597.97K,2.86%
8/15/2018,91500,93500,93800,91500,322.23K,-2.14%
8/16/2018,90000,90100,91100,88600,519.73K,-1.64%
8/17/2018,89600,90800,91300,89500,356.51K,-0.44%
8/20/2018,89900,90500,90500,89300,256.13K,0.33%
8/21/2018,90300,90800,91800,90000,292.26K,0.44%
8/22/2018,92000,90800,92300,90500,361.55K,1.88%
8/23/2018,91200,92800,92900,91200,269.12K,-0.87%
8/24/2018,90600,91200,92000,90600,466.91K,-0.66%
8/27/2018,91200,90600,91800,90500,317.35K,0.66%
8/28/2018,91400,92000,92000,91000,315.06K,0.22%
8/29/2018,91000,92000,93200,91000,760.74K,-0.44%
8/30/2018,97000,92000,97000,91500,743.98K,6.59%
8/31/2018,95000,95600,97200,94800,749.68K,-2.06%
9/4/2018,94000,95000,96300,94000,822.14K,-1.05%
9/5/2018,93000,93700,94600,92600,541.78K,-1.06%
9/6/2018,94800,93000,95500,92900,501.25K,1.94%
9/7/2018,95000,94300,95000,93600,218.34K,0.21%
9/10/2018,91500,94100,95000,91500,392.73K,-3.68%
9/11/2018,92500,92000,92600,90000,499.99K,1.09%
9/12/2018,92600,93600,94500,92600,314.16K,0.11%
9/13/2018,92400,91700,94000,91700,241.21K,-0.22%
9/14/2018,91600,92400,92400,91500,422.95K,-0.87%
9/17/2018,91600,91100,91600,88900,490.34K,0.00%
9/18/2018,90100,91500,91500,89100,280.76K,-1.64%
9/19/2018,91200,92000,93000,91000,447.45K,1.22%
9/20/2018,92500,91500,92700,91500,637.98K,1.43%
9/21/2018,91000,92500,94700,91000,3.71M,-1.62%
9/24/2018,94500,93000,95000,92900,558.17K,3.85%
9/25/2018,94400,95500,95900,93900,289.76K,-0.11%
9/26/2018,93500,93500,94200,93300,659.60K,-0.95%
9/27/2018,92500,93500,94000,92000,442.95K,-1.07%
9/28/2018,92800,93400,93400,91500,686.95K,0.32%
10/1/2018,93900,92800,93900,91600,1.29M,1.19%
10/2/2018,94000,93900,94100,90600,2.31M,0.11%
10/3/2018,93200,93500,93700,92500,604.56K,-0.85%
10/4/2018,93900,93300,93900,92800,1.44M,0.75%
10/5/2018,91000,93800,93800,90900,1.59M,-3.09%
10/8/2018,89800,90400,91000,87600,1.96M,-1.32%
10/9/2018,88000,89800,90000,88000,669.99K,-2.00%
10/10/2018,84500,88000,88000,84500,1.32M,-3.98%
10/11/2018,78600,80700,81900,78600,2.38M,-6.98%
10/12/2018,81300,75400,81300,75400,1.44M,3.44%
10/15/2018,78500,81000,81000,78000,1.24M,-3.44%
10/16/2018,78600,78400,79200,77500,851.25K,0.13%
10/17/2018,81000,80000,81800,79500,993.37K,3.05%
10/18/2018,80200,81000,81300,79800,644.32K,-0.99%
10/19/2018,81000,79100,81000,78500,1.12M,1.00%
10/22/2018,79200,81000,81400,79200,551.61K,-2.22%
10/23/2018,77500,79000,79000,75100,1.94M,-2.15%
10/24/2018,75000,76100,77400,74200,1.77M,-3.23%
10/25/2018,77500,71000,77500,71000,2.12M,3.33%
10/26/2018,76500,77000,77400,76300,785.65K,-1.29%
10/29/2018,76500,75000,76600,74700,728.55K,0.00%
10/30/2018,78000,75300,78700,75200,819.27K,1.96%
10/31/2018,83000,79000,83000,78500,1.01M,6.41%
11/1/2018,82000,82500,83600,81200,831.09K,-1.20%
11/2/2018,84500,82700,84500,82000,993.24K,3.05%
11/5/2018,85200,82700,85200,82700,536.74K,0.83%
11/6/2018,84000,86200,87000,84000,995.46K,-1.41%
11/7/2018,84700,84500,85400,83700,892.74K,0.83%
11/8/2018,84500,85000,86000,84000,145.85K,-0.24%
11/9/2018,84300,84000,84500,82700,577.22K,-0.24%
11/12/2018,83600,83100,84200,82400,241.05K,-0.83%
11/13/2018,79000,82000,82100,79000,576.15K,-5.50%
11/14/2018,79000,79100,80600,77000,331.45K,0.00%
11/15/2018,79400,79800,79900,78400,383.88K,0.51%
11/16/2018,79600,80900,80900,79000,399.90K,0.25%
11/19/2018,81800,79600,82000,79600,260.24K,2.76%
11/20/2018,81800,81200,82400,81200,334.09K,0.00%
11/21/2018,81200,80000,81500,80000,282.09K,-0.73%
11/22/2018,82000,81200,82500,81000,551.99K,0.99%
11/23/2018,81600,82000,82300,81500,450.02K,-0.49%
11/26/2018,82100,81600,82300,81200,349.67K,0.61%
11/27/2018,82000,82100,83000,81900,420.98K,-0.12%
11/28/2018,81300,81600,82000,81000,323.70K,-0.85%
11/29/2018,81000,82500,82500,81000,359.66K,-0.37%
11/30/2018,80000,81000,81400,79500,644.81K,-1.23%
12/3/2018,82200,81500,82400,81300,739.70K,2.75%
12/4/2018,84100,82500,84500,82400,1.14M,2.31%
12/5/2018,84100,83500,84100,82500,642.60K,0.00%
12/6/2018,83800,84000,85300,83500,629.70K,-0.36%
12/7/2018,84600,84000,85400,84000,811.58K,0.95%
12/10/2018,85600,84500,86000,84100,485.36K,1.18%
12/11/2018,85900,85200,86100,85200,646.53K,0.35%
12/12/2018,87000,85900,87000,85200,377.65K,1.28%
12/13/2018,87100,88000,88200,86800,630.69K,0.11%
12/14/2018,85500,87400,87400,85500,367.37K,-1.84%
12/17/2018,82000,84200,85400,82000,605.91K,-4.09%
12/18/2018,81200,80300,81400,80300,595.37K,-0.98%
12/19/2018,81500,81100,82300,81000,325.70K,0.37%
12/20/2018,81000,81000,82000,81000,337.36K,-0.61%
12/21/2018,78600,80800,81900,78600,2.41M,-2.96%
12/24/2018,79000,80000,80900,79000,379.15K,0.51%
12/25/2018,80000,78900,80400,77900,562.07K,1.27%
12/26/2018,79000,80000,80200,79000,577.20K,-1.25%
12/27/2018,79000,80000,80500,79000,425.95K,0.00%
12/28/2018,77500,79400,80000,77500,546.00K,-1.90%
1/2/2019,78600,78900,78900,78200,433.67K,1.42%
1/3/2019,78000,78900,78900,77600,565.64K,-0.76%
1/4/2019,76200,77000,77500,75500,463.07K,-2.31%
1/7/2019,78200,78100,78500,77200,336.38K,2.62%
1/8/2019,79000,78200,79100,78100,279.81K,1.02%
1/9/2019,79000,79000,79800,78900,339.53K,0.00%
1/10/2019,80200,79000,81100,79000,450.90K,1.52%
1/11/2019,80700,80300,81200,80000,452.30K,0.62%
1/14/2019,80500,80700,81300,80300,268.81K,-0.25%
1/15/2019,81900,80600,82000,80400,403.80K,1.74%
1/16/2019,81400,82000,82600,81400,483.10K,-0.61%
1/17/2019,80200,81300,82100,80200,320.06K,-1.47%
1/18/2019,81000,80200,81400,80200,359.08K,1.00%
1/21/2019,80800,81000,81300,80600,266.00K,-0.25%
1/22/2019,80100,80800,80900,80100,115.78K,-0.87%
1/23/2019,78000,80100,80100,78000,707.69K,-2.62%
1/24/2019,78000,78700,78900,77500,435.69K,0.00%
1/25/2019,78300,78000,78600,77800,677.54K,0.38%
1/28/2019,79100,78300,79300,78300,749.07K,1.02%
1/29/2019,79500,80000,80000,79200,604.48K,0.51%
1/30/2019,79100,79100,79600,79100,591.40K,-0.50%
1/31/2019,77700,79400,79600,77700,721.90K,-1.77%
2/1/2019,78400,78000,78600,77500,679.54K,0.90%
2/11/2019,80200,79900,82200,79800,1.09M,2.30%
2/12/2019,82300,81500,83000,80800,1.03M,2.62%
2/13/2019,85900,82300,85900,82300,1.36M,4.37%
2/14/2019,86000,85900,86400,84000,1.45M,0.12%
2/15/2019,84700,85800,85800,84600,779.85K,-1.51%
2/18/2019,85400,85000,85500,84900,659.24K,0.83%
2/19/2019,86500,85100,86600,85100,1.12M,1.29%
2/20/2019,86000,86000,86400,85800,1.13M,-0.58%
2/21/2019,89700,86300,89900,86300,2.22M,4.30%
2/22/2019,88400,89900,91000,88400,1.23M,-1.45%
2/25/2019,91200,92000,92000,90500,1.14M,3.17%
2/26/2019,90000,91000,91200,88400,902.73K,-1.32%
2/27/2019,89900,90100,90900,89800,788.91K,-0.11%
2/28/2019,88900,89900,89900,88500,835.22K,-1.11%
3/1/2019,89000,89000,89200,88200,683.44K,0.11%
3/4/2019,89500,89100,91400,89000,1.28M,0.56%
3/5/2019,89400,89500,90900,89300,772.09K,-0.11%
3/6/2019,90000,90000,90200,89300,695.52K,0.67%
3/7/2019,90000,90700,91000,89800,947.51K,0.00%
3/8/2019,89800,89100,90000,88500,469.73K,-0.22%
3/11/2019,89600,88100,89700,88100,602.35K,-0.22%
3/12/2019,88500,89600,90000,88100,653.99K,-1.23%
3/13/2019,89000,88500,89500,88500,1.01M,0.56%
3/14/2019,88600,89000,89300,88600,201.76K,-0.45%
3/15/2019,86500,88600,89000,85300,1.37M,-2.37%
3/18/2019,86800,86500,87600,84800,766.25K,0.35%
3/19/2019,87000,87300,87300,86000,442.46K,0.23%
3/20/2019,85000,85200,86200,84000,591.56K,-2.30%
3/21/2019,85000,85100,85400,84300,665.06K,0.00%
3/22/2019,84500,84900,85300,84500,759.19K,-0.59%
3/25/2019,82200,83000,83700,82100,488.15K,-2.72%
3/26/2019,83100,82200,84000,82200,488.32K,1.09%
3/27/2019,85000,83100,85200,83100,455.91K,2.29%
3/28/2019,85000,85000,85000,84200,395.73K,0.00%
3/29/2019,84300,85000,86900,84300,756.01K,-0.82%
4/1/2019,88000,85600,88000,85200,515.71K,4.39%
4/2/2019,88100,88300,88600,86300,393.20K,0.11%
4/3/2019,87700,88100,88100,87000,303.68K,-0.45%
4/4/2019,87800,87100,88100,87100,336.28K,0.11%
4/5/2019,88300,87800,88800,87800,231.11K,0.57%
4/8/2019,88300,88000,88500,85800,582.44K,0.00%
4/9/2019,87500,88700,88700,87000,280.38K,-0.91%
4/10/2019,86700,85200,87000,85200,292.05K,-0.91%
4/11/2019,87700,86700,88000,86700,188.22K,1.15%
4/12/2019,87800,87800,88100,87000,95.63K,0.11%
4/16/2019,87800,86000,88100,85400,290.80K,0.00%
4/17/2019,88000,87800,88100,87000,730.31K,0.23%
4/18/2019,86000,86100,87900,86000,407.72K,-2.27%
4/19/2019,87600,86000,88000,86000,57.48K,1.86%
4/22/2019,87900,87600,88000,87500,292.24K,0.34%
4/23/2019,87900,87100,88000,87100,338.52K,0.00%
4/24/2019,88000,86600,88100,86600,573.51K,0.11%
4/25/2019,87400,88000,88000,87100,271.41K,-0.68%
4/26/2019,86900,87000,87400,86400,284.15K,-0.57%
5/2/2019,88500,87000,88500,86500,678.66K,1.84%
5/3/2019,88600,88700,90400,87300,868.12K,0.11%
5/6/2019,87000,88400,88400,86500,90.18K,-1.81%
5/7/2019,87900,87000,88700,87000,337.42K,1.03%
5/8/2019,87800,87000,88500,87000,509.85K,-0.11%
5/9/2019,87700,87800,88200,87500,221.50K,-0.11%
5/10/2019,87500,87100,88300,87100,189.07K,-0.23%
5/13/2019,86700,87500,87900,86700,291.94K,-0.91%
5/14/2019,86500,84100,87800,84100,327.80K,-0.23%
5/15/2019,87800,86500,88500,86500,202.52K,1.50%
5/16/2019,87000,87800,88300,87000,359.32K,-0.91%
5/17/2019,86500,86200,87800,86200,419.26K,-0.57%
5/20/2019,88000,86600,88200,86500,396.98K,1.73%
5/21/2019,91300,88000,91600,88000,976.35K,3.75%
5/22/2019,90000,91300,91600,89800,436.56K,-1.42%
5/23/2019,90000,89800,90800,89000,254.80K,0.00%
5/24/2019,87200,90000,90500,87200,687.44K,-3.11%
5/27/2019,88400,87100,88800,87100,353.84K,1.38%
5/28/2019,87000,88000,88500,86500,642.34K,-1.58%
5/29/2019,87300,86600,87700,86500,313.82K,0.34%
5/30/2019,85500,87300,87800,85500,309.19K,-2.06%
5/31/2019,85800,85600,86800,85600,463.44K,0.35%
6/3/2019,85000,85800,86400,85000,381.73K,-0.93%
6/4/2019,85000,85000,85600,83500,326.58K,0.00%
6/5/2019,85000,85900,85900,85000,214.36K,0.00%
6/6/2019,85200,84600,85500,84600,254.61K,0.24%
6/7/2019,86000,85500,86900,85000,293.02K,0.94%
6/10/2019,86700,87000,87000,85600,435.32K,0.81%
6/11/2019,86000,86700,86800,86000,226.86K,-0.81%
6/12/2019,85000,86500,86500,85000,209.69K,-1.16%
6/13/2019,84500,85000,86200,84300,111.48K,-0.59%
6/14/2019,84200,85000,85000,83600,248.27K,-0.36%
6/17/2019,83500,83300,84800,83000,334.14K,-0.83%
6/18/2019,82000,83400,83700,81600,471.77K,-1.80%
6/19/2019,82800,82000,83400,82000,267.32K,0.98%
6/20/2019,82500,82500,84500,82300,313.42K,-0.36%
6/21/2019,84000,82500,84000,82400,739.81K,1.82%
6/24/2019,84100,84000,85500,78200,292.00K,0.12%
6/25/2019,84000,84000,84700,84000,246.50K,-0.12%
6/26/2019,85500,83800,85500,83800,273.64K,1.79%
6/27/2019,82000,84700,85600,82000,598.87K,-4.09%
6/28/2019,83000,83000,83000,81500,513.21K,1.22%
7/1/2019,85600,84000,85600,83900,329.72K,3.13%
7/2/2019,84600,85600,85600,84600,143.85K,-1.17%
7/3/2019,84500,84600,84900,83200,391.95K,-0.12%
7/4/2019,85200,84500,85200,84300,305.72K,0.83%
7/5/2019,85000,84900,85200,84200,96.60K,-0.23%
7/8/2019,84500,84100,84700,83500,395.43K,-0.59%
7/9/2019,84200,84000,84500,83900,195.01K,-0.36%
7/10/2019,84200,84200,84600,83800,271.13K,0.00%
7/11/2019,82500,84200,84500,82500,585.23K,-2.02%
7/12/2019,81500,82500,83800,81500,447.22K,-1.21%
7/15/2019,79900,81500,81500,79400,679.30K,-1.96%
7/16/2019,80400,80000,80900,80000,275.44K,0.63%
7/17/2019,79800,80700,80700,79500,543.70K,-0.75%
7/18/2019,75800,78900,80000,75000,1.68M,-5.01%
7/19/2019,77700,76000,77800,75800,512.09K,2.51%
7/22/2019,79200,77700,79900,77700,473.61K,1.93%
7/23/2019,79600,78200,79700,78000,756.34K,0.51%
7/24/2019,80700,79900,80900,79600,523.11K,1.38%
7/25/2019,80800,80300,81300,79900,322.15K,0.12%
7/26/2019,80900,80800,80900,79900,342.24K,0.12%
7/29/2019,81000,80700,81000,80100,354.02K,0.12%
7/30/2019,79900,81000,81100,79900,345.05K,-1.36%
7/31/2019,80000,79000,80000,78600,691.96K,0.13%
8/1/2019,80100,80000,80700,79900,367.74K,0.13%
8/2/2019,79000,79000,80000,79000,328.94K,-1.37%
8/5/2019,76800,78200,79000,76800,794.84K,-2.78%
8/6/2019,75000,76500,76600,74700,1.02M,-2.34%
8/7/2019,74800,75000,76400,73600,890.33K,-0.27%
8/8/2019,74800,73600,74800,72800,800.35K,0.00%
8/9/2019,76100,74900,76400,74900,459.40K,1.74%
8/12/2019,76000,76000,76500,75500,258.89K,-0.13%
8/13/2019,75600,76000,76000,74900,352.42K,-0.53%
8/14/2019,75600,76500,76500,75600,432.98K,0.00%
8/15/2019,76100,75100,76100,74600,487.06K,0.66%
8/16/2019,77000,75200,77500,75200,405.51K,1.18%
8/19/2019,77100,77000,77500,76800,291.07K,0.13%
8/20/2019,76200,77000,77000,76000,258.67K,-1.17%
8/21/2019,77000,75600,77300,75600,398.00K,1.05%
8/22/2019,78000,77000,78000,76500,398.85K,1.30%
8/23/2019,77000,78300,78300,77000,134.13K,-1.28%
8/26/2019,76000,76000,76500,75200,408.28K,-1.30%
8/27/2019,75000,76000,76500,75000,363.23K,-1.32%
8/28/2019,74800,75000,75800,74600,267.99K,-0.27%
8/29/2019,75000,74800,75500,74800,194.63K,0.27%
8/30/2019,75400,75000,75800,74900,181.41K,0.53%
9/3/2019,74000,75400,75400,74000,290.93K,-1.86%
9/4/2019,75000,74000,75500,74000,255.70K,1.35%
9/5/2019,74500,75000,75200,73800,305.58K,-0.67%
9/6/2019,74000,74500,75000,74000,242.52K,-0.67%
9/9/2019,74000,73700,74800,73700,267.13K,0.00%
9/10/2019,76100,74000,76400,74000,420.71K,2.84%
9/11/2019,78000,76200,78200,76100,569.25K,2.50%
9/12/2019,76800,78000,78000,76800,291.87K,-1.54%
9/13/2019,76500,76200,76700,75900,432.61K,-0.39%
9/16/2019,77800,76500,78000,76500,333.72K,1.70%
9/17/2019,79500,78000,79600,77800,604.25K,2.19%
9/18/2019,80900,79500,80900,79000,906.28K,1.76%
9/19/2019,80200,80900,81000,79800,548.79K,-0.87%
9/20/2019,80200,80100,80200,79100,816.21K,0.00%
9/23/2019,80000,80200,80900,79900,485.65K,-0.25%
9/24/2019,79000,79900,79900,78400,561.26K,-1.25%
9/25/2019,79000,79000,79200,78600,257.15K,0.00%
9/26/2019,78500,78800,79000,78300,220.02K,-0.63%
9/27/2019,79400,79000,79900,78700,570.79K,1.15%
9/30/2019,78500,79400,79500,78500,562.88K,-1.13%
10/1/2019,78800,79000,79100,78100,246.87K,0.38%
10/2/2019,77000,79000,79000,77000,700.31K,-2.28%
10/3/2019,78000,77000,78000,76400,390.57K,1.30%
10/4/2019,77400,78000,78500,77100,165.65K,-0.77%
10/7/2019,76500,77400,77700,76500,357.58K,-1.16%
10/8/2019,76900,76800,77500,76600,258.07K,0.52%
10/9/2019,77000,76900,77200,76600,223.03K,0.13%
10/10/2019,77000,77000,77500,76700,417.56K,0.00%
10/11/2019,77000,77300,77400,76800,560.57K,0.00%
10/14/2019,76600,77200,77400,76600,199.64K,-0.52%
10/15/2019,78200,76600,78700,76600,411.85K,2.09%
10/16/2019,77800,78500,78500,77800,323.34K,-0.51%
10/17/2019,77000,77800,78000,77000,818.38K,-1.03%
10/18/2019,76000,77000,77500,76000,448.61K,-1.30%
10/21/2019,75000,76000,76000,74700,769.24K,-1.32%
10/22/2019,74400,75000,75400,74100,431.65K,-0.80%
10/23/2019,75800,74500,76000,74500,387.60K,1.88%
10/24/2019,75600,76000,76000,75200,272.77K,-0.26%
10/25/2019,74600,75600,75600,74500,479.40K,-1.32%
10/28/2019,74500,74700,75000,74500,502.51K,-0.13%
10/29/2019,74000,74500,74900,74000,483.23K,-0.67%
10/30/2019,74000,74600,74800,73800,638.33K,0.00%
10/31/2019,74200,75000,75300,73800,908.64K,0.27%
11/1/2019,75700,74500,76000,74500,1.60M,2.02%
11/4/2019,76300,76200,77100,76200,890.56K,0.79%
11/5/2019,76000,76300,76400,75600,764.73K,-0.39%
11/6/2019,76000,75900,76700,75900,537.76K,0.00%
11/7/2019,76500,76000,76500,75700,431.59K,0.66%
11/8/2019,76800,77200,77400,76600,586.26K,0.39%
11/11/2019,74500,76700,76700,74500,1.14M,-2.99%
11/12/2019,75000,74600,75200,74500,399.08K,0.67%
11/13/2019,74300,75200,75200,74300,645.91K,-0.93%
11/14/2019,75200,74400,75300,74400,477.28K,1.21%
11/15/2019,74500,75200,75200,74500,275.16K,-0.93%
11/18/2019,74400,75000,75000,74400,222.09K,-0.13%
11/19/2019,74000,74500,74900,73900,542.90K,-0.54%
11/20/2019,73600,74000,74500,73600,283.12K,-0.54%
11/21/2019,71500,73000,73800,71500,843.26K,-2.85%
11/22/2019,70500,72600,72900,69900,797.01K,-1.40%
11/25/2019,71500,70600,71600,70500,311.43K,1.42%
11/26/2019,71500,71800,72600,71500,561.68K,0.00%
11/27/2019,71000,71500,72000,70900,213.60K,-0.70%
11/28/2019,69500,70600,71000,68600,608.71K,-2.11%
11/29/2019,70000,69500,70400,68900,302.31K,0.72%
12/2/2019,69000,70500,70500,69000,273.55K,-1.43%
12/3/2019,64200,68700,69100,64200,2.27M,-6.96%
12/4/2019,62500,64100,64200,59900,5.52M,-2.65%
12/5/2019,62000,62500,62500,60500,1.46M,-0.80%
12/6/2019,62500,61500,63700,61300,1.62M,0.81%
12/9/2019,60500,62300,62400,60300,1.42M,-3.20%
12/10/2019,56600,60500,60900,56600,2.72M,-6.45%
12/11/2019,55700,56200,57500,54400,2.33M,-1.59%
12/12/2019,58500,56000,58800,56000,1.87M,5.03%
12/13/2019,58000,59000,59400,57000,1.74M,-0.85%
12/16/2019,56700,57300,57800,56700,1.30M,-2.24%
12/17/2019,56100,56800,56900,55700,1.13M,-1.06%
12/18/2019,56400,56000,57000,55000,1.11M,0.53%
12/19/2019,55600,56000,56400,55500,831.96K,-1.42%
12/20/2019,55000,55600,55700,54600,1.80M,-1.08%
12/23/2019,51600,55600,55900,51600,2.23M,-6.18%
12/24/2019,54500,51700,54700,50200,1.40M,5.62%
12/25/2019,55700,54800,56200,54500,1.31M,2.20%
12/26/2019,57000,55000,58100,54900,1.90M,2.33%
12/27/2019,56900,56500,57400,56000,629.49K,-0.18%
12/30/2019,57100,57000,58000,56800,887.37K,0.35%
12/31/2019,56500,57100,57300,55900,695.75K,-1.05%
1/2/2020,57000,56900,57400,56300,518.87K,0.88%
1/3/2020,57500,57200,57700,56800,777.69K,0.88%
1/6/2020,56600,57500,57500,56600,582.02K,-1.57%
1/7/2020,56800,56800,57300,56700,319.68K,0.35%
1/8/2020,56000,56200,56500,55600,737.69K,-1.41%
1/9/2020,57000,56600,57200,56500,505.68K,1.79%
1/10/2020,56500,57000,57700,56500,524.93K,-0.88%
1/13/2020,57000,56600,57100,56400,413.81K,0.88%
1/14/2020,56600,57000,57300,56600,349.41K,-0.70%
1/15/2020,56500,57000,57000,56000,373.29K,-0.18%
1/16/2020,56200,56500,56900,56200,290.21K,-0.53%
1/17/2020,55000,56100,56400,55000,496.94K,-2.14%
1/20/2020,54300,55000,55100,53000,541.49K,-1.27%
1/21/2020,54500,54300,54900,54100,369.33K,0.37%
1/22/2020,53400,54200,54600,53300,540.21K,-2.02%
1/30/2020,50100,53000,53000,50000,1.59M,-6.18%
1/31/2020,50100,50000,51700,50000,791.35K,0.00%
2/3/2020,50000,46700,50000,46600,1.29M,-0.20%
2/4/2020,50000,50100,51000,49500,744.90K,0.00%
2/5/2020,50000,50500,50500,49200,750.71K,0.00%
2/6/2020,49900,49950,49950,47500,2.39M,-0.20%
2/7/2020,49900,49800,49900,48800,932.29K,0.00%
2/10/2020,49900,49900,49900,48800,600.28K,0.00%
2/11/2020,49900,49200,51700,49200,2.08M,0.00%
2/12/2020,50500,50000,50700,50000,804.72K,1.20%
2/13/2020,50200,50700,50900,50100,547.97K,-0.59%
2/14/2020,49800,50200,50200,49450,1.12M,-0.80%
2/17/2020,49700,49800,49800,48950,1.49M,-0.20%
2/18/2020,49700,49200,49700,49200,591.22K,0.00%
2/19/2020,50400,49600,51700,49600,1.82M,1.41%
2/20/2020,51100,50900,51400,50400,1.37M,1.39%
2/21/2020,53000,51500,54000,51500,2.06M,3.72%
2/24/2020,51100,51600,52500,51000,1.43M,-3.58%
2/25/2020,50600,50500,51300,49800,896.71K,-0.98%
2/26/2020,49750,49800,50300,49000,1.25M,-1.68%
2/27/2020,49700,49200,49800,48800,1.64M,-0.10%
2/28/2020,49000,49700,49700,47700,2.26M,-1.41%
3/2/2020,49000,48350,49000,47850,1.59M,0.00%
3/3/2020,49000,49200,49800,48500,1.23M,0.00%
3/4/2020,49000,48900,49350,48650,909.83K,0.00%
3/5/2020,50900,49450,52000,49150,1.78M,3.88%
3/6/2020,54400,50800,54400,50100,2.79M,6.88%
3/9/2020,52000,53000,56800,51000,4.21M,-4.41%
3/10/2020,52400,52900,53800,52000,2.39M,0.77%
3/11/2020,49950,53300,53300,49200,2.64M,-4.68%
3/12/2020,49950,47200,49950,46500,4.07M,0.00%
3/13/2020,49850,46500,49950,46500,3.78M,-0.20%
3/16/2020,40414,40006,40659,38781,3.86M,-18.93%
3/17/2020,40414,39190,40414,38945,4.65M,0.00%
3/18/2020,40333,40414,40578,39843,2.60M,-0.20%
3/19/2020,40169,39598,40169,39230,4.02M,-0.41%
3/20/2020,40169,40006,40169,39026,4.95M,0.00%
3/23/2020,40169,39271,40169,37883,6.03M,0.00%
3/24/2020,40088,39598,40088,39434,4.27M,-0.20%
3/25/2020,40088,40006,40578,39598,3.43M,0.00%
3/26/2020,40006,40006,40169,39639,3.32M,-0.20%
3/27/2020,40251,39761,41639,39598,3.11M,0.61%
3/30/2020,40088,39598,40088,39516,1.65M,-0.40%
3/31/2020,40006,40088,40741,39353,4.40M,-0.20%
4/1/2020,40169,39843,40822,39843,2.07M,0.41%
4/3/2020,42700,40496,42700,40414,2.21M,6.30%
4/6/2020,45639,43517,45639,43353,3.07M,6.88%
4/7/2020,46946,46374,47681,44986,2.52M,2.86%
4/8/2020,48089,45803,48089,45313,1.61M,2.43%
4/9/2020,48497,48170,48742,47436,2.46M,0.85%
4/10/2020,49150,48170,51028,47599,2.30M,1.35%
4/13/2020,47436,49150,50130,47436,2.53M,-3.49%
4/14/2020,49803,47354,49803,46701,1.74M,4.99%
4/15/2020,49722,49803,50865,49558,1.33M,-0.16%
4/16/2020,49640,48660,49967,48660,1.18M,-0.16%
4/17/2020,49477,49803,50130,49395,1.70M,-0.33%
4/20/2020,48497,49477,49803,48497,2.21M,-1.98%
4/21/2020,46211,47436,48007,45803,2.23M,-4.71%
4/22/2020,47517,45313,47844,45313,1.28M,2.83%
4/23/2020,47517,48579,48824,47517,1.01M,0.00%
4/24/2020,48579,47191,48579,46701,1.46M,2.23%
4/27/2020,47762,48987,49395,47762,1.35M,-1.68%
4/28/2020,48742,47762,49232,47354,1.31M,2.05%
4/29/2020,48007,48742,48905,48007,996.60K,-1.51%
5/4/2020,46783,46701,47926,46619,1.38M,-2.55%
5/5/2020,46048,46701,46946,46048,1.32M,-1.57%
5/6/2020,47354,46538,47354,45476,1.22M,2.84%
5/7/2020,48007,48007,48170,47354,936.70K,1.38%
5/8/2020,49803,48170,50946,48089,3.98M,3.74%
5/11/2020,51518,50212,51518,49477,2.21M,3.44%
5/12/2020,50620,51436,51600,50457,1.23M,-1.74%
5/13/2020,50538,50048,51028,49395,1.92M,-0.16%
5/14/2020,52171,50212,53232,49803,3.09M,3.23%
5/15/2020,50701,52661,52988,50701,1.57M,-2.82%
5/18/2020,51028,50701,51273,50130,1.01M,0.64%
5/19/2020,51436,51681,52579,51028,2.31M,0.80%
5/20/2020,52089,51028,52171,51028,1.20M,1.27%
5/21/2020,52089,52089,52253,51273,1.82M,0.00%
5/22/2020,50620,51844,52008,50620,1.57M,-2.82%
5/25/2020,50457,50783,51191,50212,1.63M,-0.32%
5/26/2020,51028,50620,51273,50538,1.26M,1.13%
5/27/2020,51028,51600,52743,51028,2.63M,0.00%
5/28/2020,51273,51763,51763,50946,957.00K,0.48%
5/29/2020,51191,51273,51355,50783,837.70K,-0.16%
6/1/2020,51518,51191,52008,51191,1.29M,0.64%
6/2/2020,52171,51926,53722,51763,5.03M,1.27%
6/3/2020,52253,52661,52661,51926,899.60K,0.16%
6/4/2020,51844,52743,52743,51681,1.83M,-0.78%
6/5/2020,51060,51060,51304,50655,2.19M,-1.51%
6/8/2020,51385,51385,52195,50898,2.11M,0.64%
6/9/2020,51060,51466,52033,50817,1.94M,-0.63%
6/10/2020,50979,50979,51060,50655,1.45M,-0.16%
6/11/2020,47413,51304,51952,47413,3.16M,-7.00%
6/12/2020,47413,46198,47575,46198,3.65M,0.00%
6/15/2020,45711,47413,47737,44820,3.12M,-3.59%
6/16/2020,46684,46522,46846,45792,1.79M,2.13%
6/17/2020,46603,47008,47170,46117,1.39M,-0.17%
6/18/2020,46198,46198,46522,45306,1.11M,-0.87%
6/19/2020,46198,46684,46765,46198,2.90M,0.00%
6/22/2020,47251,46603,47413,46603,1.95M,2.28%
6/23/2020,47332,47008,48224,47008,1.74M,0.17%
6/24/2020,46360,47332,47656,45792,1.12M,-2.05%
6/25/2020,45954,45873,46198,45549,1.85M,-0.88%
6/26/2020,45711,45954,46927,45711,689.96K,-0.53%
6/29/2020,44658,45711,45711,43685,2.06M,-2.30%
6/30/2020,43847,45306,45468,43766,1.65M,-1.82%
7/1/2020,44982,44090,45468,43766,1.16M,2.59%
7/2/2020,46360,45387,46684,44982,1.31M,3.06%
7/3/2020,46360,46360,46927,45954,839.92K,0.00%
7/6/2020,46684,46360,47008,46279,1.03M,0.70%
7/7/2020,46198,46927,47332,46198,1.15M,-1.04%
7/8/2020,46198,46198,46603,46198,560.60K,0.00%
7/9/2020,46522,46279,46765,46117,1.32M,0.70%
7/10/2020,46117,46522,46684,45387,677.88K,-0.87%
7/13/2020,45873,46198,46603,45792,669.50K,-0.53%
7/14/2020,45387,45711,45873,45144,1.12M,-1.06%
7/15/2020,45144,45792,45954,45144,1.50M,-0.54%
7/16/2020,46198,45387,46198,44982,1.17M,2.33%
7/17/2020,45549,45954,46035,45387,911.53K,-1.40%
7/20/2020,44577,45387,45387,44577,1.13M,-2.13%
7/21/2020,44333,44577,45063,44009,2.01M,-0.55%
7/22/2020,43928,44333,44739,43928,1.00M,-0.91%
7/23/2020,43685,43928,44252,43442,914.44K,-0.55%
7/24/2020,42145,43523,43685,41173,2.45M,-3.53%
7/27/2020,40119,39633,41740,39633,3.38M,-4.81%
7/28/2020,40929,40524,41335,40119,1.58M,2.02%
7/29/2020,39997,40119,40524,39714,1.62M,-2.28%
7/30/2020,40362,40443,40605,40119,985.98K,0.91%
7/31/2020,40929,39795,41659,39795,2.63M,1.40%
8/3/2020,42631,40929,42712,40929,1.67M,4.16%
8/4/2020,43766,43118,44009,43118,2.02M,2.66%
8/5/2020,44577,43361,44577,43118,2.17M,1.85%
8/6/2020,43685,44171,44496,43523,1.41M,-2.00%
8/7/2020,43847,43766,44415,43604,1.15M,0.37%
8/10/2020,44171,43928,44496,43928,1.14M,0.74%
8/11/2020,44252,44415,44415,43847,790.51K,0.18%
8/12/2020,43928,44009,44415,43685,1.18M,-0.73%
8/13/2020,44090,43928,44252,43766,1.14M,0.37%
8/14/2020,43280,44090,44171,42956,2.16M,-1.84%
8/17/2020,42956,43280,43361,42388,1.32M,-0.75%
8/18/2020,42469,42956,42956,42388,925.55K,-1.13%
8/19/2020,42712,42469,42875,42226,1.04M,0.57%
8/20/2020,42145,42712,42794,42145,1.70M,-1.33%
8/21/2020,42631,42145,42875,42145,1.16M,1.15%
8/24/2020,43442,42794,43766,42794,2.06M,1.90%
8/25/2020,43442,43766,44090,43442,2.04M,0.00%
8/26/2020,43361,43442,43685,43199,1.06M,-0.19%
8/27/2020,43442,43361,43523,43280,979.58K,0.19%
8/28/2020,44171,43685,44982,43523,2.86M,1.68%
8/31/2020,44577,44577,44982,44090,1.55M,0.92%
9/1/2020,44252,44577,44577,44009,1.95M,-0.73%
9/3/2020,44901,44901,44982,44333,2.10M,1.47%
9/4/2020,45630,44090,45792,44090,3.17M,1.62%
9/7/2020,44252,45873,46279,44252,2.72M,-3.02%
9/8/2020,44415,44333,44577,44090,1.75M,0.37%
9/9/2020,44577,43847,44901,43847,1.30M,0.36%
9/10/2020,44415,44901,44982,44333,882.67K,-0.36%
9/11/2020,44577,44252,44577,44009,647.74K,0.36%
9/14/2020,45063,44577,45225,44577,1.13M,1.09%
9/15/2020,44901,45063,45225,44658,953.54K,-0.36%
9/16/2020,44496,44901,44901,44252,1.09M,-0.90%
9/17/2020,43766,44496,44496,43766,1.49M,-1.64%
9/18/2020,43928,43766,44252,43766,1.35M,0.37%
9/21/2020,44171,44090,44415,44090,1.06M,0.55%
9/22/2020,44009,44171,44252,43847,912.42K,-0.37%
9/23/2020,44901,44252,44901,44090,1.54M,2.03%
9/24/2020,44577,44658,45144,44577,1.06M,-0.72%
9/25/2020,44333,44577,44820,44171,850.01K,-0.55%
9/28/2020,44333,44333,44658,44171,748.03K,0.00%
9/29/2020,43442,44496,44496,43442,1.54M,-2.01%
9/30/2020,44252,43442,44252,43442,1.01M,1.86%
10/1/2020,44496,44333,44577,44252,1.16M,0.55%
10/2/2020,43847,44496,44577,43604,1.78M,-1.46%
10/5/2020,45387,44252,45549,43847,3.92M,3.51%
10/6/2020,47008,45711,47251,45630,5.28M,3.57%
10/7/2020,50169,47008,50250,46927,7.72M,6.72%
10/8/2020,51790,49845,51790,49115,5.82M,3.23%
10/9/2020,55194,51466,55275,50412,6.41M,6.57%
10/12/2020,56896,55113,56896,53897,6.98M,3.08%
10/13/2020,60624,56734,60867,55113,5.60M,6.55%
10/14/2020,64839,60543,64839,59246,6.08M,6.95%
10/15/2020,65730,64839,67189,63461,6.84M,1.37%
10/16/2020,64839,65649,65649,61192,7.85M,-1.36%
10/19/2020,66460,61759,66460,61759,3.69M,2.50%
10/20/2020,67837,66298,67837,64839,5.85M,2.07%
10/21/2020,67837,67270,68810,66460,2.11M,0.00%
10/22/2020,68891,67108,68891,66865,6.16M,1.55%
10/23/2020,69702,68972,69783,68486,4.10M,1.18%
10/26/2020,71242,68648,71242,68648,5.60M,2.21%
10/27/2020,71242,71323,72133,68891,4.85M,0.00%
10/28/2020,69702,71160,71160,68243,5.56M,-2.16%
10/29/2020,68081,67270,68891,64839,8.05M,-2.33%
10/30/2020,68081,66622,68081,64433,4.87M,0.00%
11/2/2020,68486,68081,68486,66703,4.62M,0.59%
11/3/2020,68081,68081,68324,67432,3.81M,-0.59%
11/4/2020,68243,68081,68648,67351,2.41M,0.24%
11/5/2020,71242,68486,71242,67919,2.15M,4.39%
11/6/2020,72862,71160,72862,70512,1.46M,2.27%
11/9/2020,77482,72944,77482,72781,2.96M,6.34%
11/10/2020,77320,77806,79427,76915,4.19M,-0.21%
11/11/2020,77320,75942,77320,74565,2.43M,0.00%
11/12/2020,75456,77401,77401,75456,580.90K,-2.41%
11/13/2020,73025,75132,75132,72862,1.31M,-3.22%
11/16/2020,68000,72538,73025,68000,2.95M,-6.88%
11/17/2020,68891,68081,69621,67919,976.45K,1.31%
11/18/2020,67189,68972,68972,67027,1.18M,-2.47%
11/19/2020,66460,67270,67594,65649,1.45M,-1.08%
11/20/2020,66460,66217,68000,65730,1.40M,0.00%
11/23/2020,67351,66460,67594,66460,1.05M,1.34%
11/24/2020,66460,67351,67351,64839,815.46K,-1.32%
11/25/2020,66703,66460,67270,66460,823.98K,0.37%
11/26/2020,67837,66217,68000,66135,612.79K,1.70%
11/27/2020,67837,67837,67837,67108,504.68K,0.00%
11/30/2020,66460,66541,67675,66217,1.16M,-2.03%
12/1/2020,67270,65244,67270,65244,1.26M,1.22%
12/2/2020,67432,67270,68081,66460,889.36K,0.24%
12/3/2020,67594,67513,68081,66865,650.48K,0.24%
12/4/2020,69702,68081,70917,67675,2.37M,3.12%
12/7/2020,69702,70107,70593,69296,990.25K,0.00%
12/8/2020,69296,69783,70026,69134,1.03M,-0.58%
12/9/2020,69215,69296,69458,68891,1.01M,-0.12%
12/10/2020,68000,69215,69215,67756,1.72M,-1.76%
12/11/2020,68486,68000,68567,67432,949.32K,0.71%
12/14/2020,68486,68648,68972,68000,1.30M,0.00%
12/15/2020,68486,68486,68729,68000,1.12M,0.00%
12/16/2020,68486,68081,68567,68000,778.25K,0.00%
12/17/2020,68896,68486,69142,67912,1.42M,0.60%
12/18/2020,68978,68650,69142,68650,1.70M,0.12%
12/21/2020,68732,69716,69716,68404,992.42K,-0.36%
12/22/2020,67912,68732,68896,67666,966.30K,-1.19%
